{
  "type": "panel",
  "name": "AJAX Updated",
  "id": "mettle-ajax-panel",
  "info": {
    "description": "AJAX panel for grafana",
    "author": {
      "name": "Mettle",
      "url": "https://mettle.co.uk/"
    },
    "keywords": ["ajax", "panel"],
    "logos": {
      "small": "img/ajax_panel_logo.svg",
      "large": "img/ajax_panel_logo.svg"
    },
    "links": [
      {
        "name": "Project site",
        "url": "https://mettle.co.uk/"
      },
      {
        "name": "MIT License",
        "url": "https://opensource.org/licenses/MIT"
      }
    ],
    "screenshots": [
      {
        "name": "Options",
        "path": "img/screenshot-ajax-options.png"
      }
    ],
    "version": "%VERSION%",
    "updated": "%TODAY%"
  },
  "dependencies": {
    "grafanaVersion": "3.x.x",
    "plugins": []
  }
}
